{
  "type": "minecraft:crafting_shaped",
  "category": "equipment",
  "key": {
    "#": "minecraft:soul_lantern",
    "X": "minecraft:echo_shard",
    "Y": "minecraft:anvil"
  },
  "pattern": [
    "###",
    "#X#",
    "#Y#"
  ],
  "result": {
    "components": {
      "minecraft:enchantment_glint_override": true,
      "minecraft:lore": [
        "\"A totem that resists Veilwalking\""
      ],
      "minecraft:item_name": "\"Mortal Anchor\"",
      "minecraft:entity_data": {
        "id": "minecraft:armor_stand",
        "Invisible": true,
        "Marker": true,
        "CustomName": "{\"text\":\"Anchor\"}",
        "NoGravity": true
      }
    },
    "count": 1,
    "id": "minecraft:wither_skeleton_spawn_egg"
  }
}