{
    "type": "minecraft:crafting_shaped",
    "category": "equipment",
    "key": {
      "#": "minecraft:iron_nugget",
      "X": "minecraft:soul_torch",
      "Y": "minecraft:phantom_membrane"
    },
    "pattern": [
      "###",
      "#X#",
      "#Y#"
    ],
    "result": {
      "components": {
        "minecraft:enchantment_glint_override": true,
        "minecraft:lore": [
          "\"A lantern that lights the obscure.\""
        ],
        "minecraft:item_name": "\"Soul Searcher\""
      },
      "count": 1,
      "id": "minecraft:soul_lantern"
    }
  }