{
    "carvers": [
        "minecraft:cave_extra_underground"
      ],
    "downfall": 0.3,
    "temperature": 0.2,
    "has_precipitation": true,
    "effects": {
      "fog_color": 3092528,
      "mood_sound": {
        "block_search_extent": 8,
        "offset": 2.0,
        "sound": "minecraft:ambient.cave",
        "tick_delay": 6000
      },
      "sky_color": 3092528,
      "water_color": 3092528,
      "water_fog_color": 3092528
    },
    "features": [
      [],
      [
      ],
      [
      ],
      [
        "minecraft:ore_iron_upper",
        "minecraft:ore_iron_middle",
        "minecraft:ore_iron_small",
        "minecraft:ore_gold",
        "minecraft:ore_gold_lower",
        "minecraft:ore_redstone",
        "minecraft:ore_redstone_lower",
        "minecraft:ore_diamond",
        "minecraft:ore_diamond_medium",
        "minecraft:ore_diamond_large",
        "minecraft:ore_diamond_buried",
        "minecraft:ore_lapis",
        "minecraft:ore_lapis_buried",
      ],
      [],
      [],
      [
  
      ],
      [
  
      ],
      [
  
      ],
      [
        "minecraft:glow_lichen",
      ],
      [
  
      ]
    ],
    "spawn_costs": {},
    "spawners": {
      "ambient": [
  ],
      "axolotls": [],
      "creature": [
     ],
      "misc": [],
      "monster": [
        {
          "type": "minecraft:wither_skeleton",
          "maxCount": 5,
          "minCount": 5,
          "weight": 5
        }
      ],
      "underground_water_creature": [
  ],
      "water_ambient": [],
      "water_creature": []
    }
  }